kind,label,case,coord,normal,compute,accum,quant,inlier_diff,rel_h,rel_g,update_rot,update_trans,update_rot_f64,update_trans_f64,pass
wide,all wide,room,"<48,10>","<40,2>","<64,16>","<96,40>",AP_TRN,0,9.091181527003571e-06,1.500024705615737e-06,3.022150557334434e-07,2.3366799178695643e-06,7.41084934213933e-15,3.1920822918988027e-12,True
wide,all wide,room_face_aligned,"<48,10>","<40,2>","<64,16>","<96,40>",AP_TRN,0,8.986634510539228e-06,8.401413919459717e-07,3.521111070280236e-07,1.751047849574877e-06,4.8674183875391405e-15,3.1442109119127394e-12,True
wide,all wide,room_seed_b,"<48,10>","<40,2>","<64,16>","<96,40>",AP_TRN,0,7.587596869817205e-06,1.2965953224706526e-06,3.025551217461574e-07,1.3368137171018406e-06,5.8847762660382025e-15,3.160296106766575e-12,True
wide,all wide,room_seed_c,"<48,10>","<40,2>","<64,16>","<96,40>",AP_TRN,0,9.250046981175595e-06,1.546327103386224e-06,1.7270521392350953e-07,2.006000892683629e-06,1.475951259148582e-14,3.2064654966144927e-12,True
sweep,COORD,room,"<16,10>","<40,2>","<64,16>","<96,40>",AP_TRN,0,0.0032551094766466245,0.052242488654053114,0.00014451945602502817,0.005122671940894253,0.00014434826728815714,0.0051235649521444325,False
sweep,COORD,room,"<18,10>","<40,2>","<64,16>","<96,40>",AP_TRN,0,0.0018403662035541067,0.0317366815722857,9.499796837165996e-05,0.0037899938197533374,9.510065280440246e-05,0.0037912928388533617,False
sweep,COORD,room,"<20,10>","<40,2>","<64,16>","<96,40>",AP_TRN,0,0.0005854569508801483,0.0048166021883017445,1.92995937873665e-05,0.0008000488801041325,1.9351230353514273e-05,0.0008001535623568648,False
sweep,COORD,room,"<22,10>","<40,2>","<64,16>","<96,40>",AP_TRN,0,6.774830579688844e-05,0.0005383276660350726,7.58145701915564e-06,0.00012102778743901141,7.853048282823468e-06,0.00012148586345409541,False
sweep,COORD,room,"<24,10>","<40,2>","<64,16>","<96,40>",AP_TRN,0,0.00027447234064836715,0.0006130205410561707,1.3179592312924016e-05,6.959487599732891e-05,1.2929516954986006e-05,7.039699013294771e-05,True
sweep,COORD,room,"<26,10>","<40,2>","<64,16>","<96,40>",AP_TRN,0,1.108563748752237e-05,0.00011159604102649941,7.615332829360028e-07,1.8834647799433202e-05,6.9607891839007e-07,1.9654165472017993e-05,True
sweep,COORD,room,"<28,10>","<40,2>","<64,16>","<96,40>",AP_TRN,0,9.042189843648281e-06,3.703054542867068e-05,3.198600443516318e-07,3.5609106510779498e-06,1.3783851896171445e-07,3.904433155187951e-06,True
sweep,COORD,room,"<30,10>","<40,2>","<64,16>","<96,40>",AP_TRN,0,9.085903231216326e-06,3.7612804219428255e-06,2.961446224191311e-07,2.8583883925672277e-06,1.2373754326012886e-08,1.0933991199243275e-06,True
sweep,NORMAL,room,"<48,10>","<10,2>","<64,16>","<96,40>",AP_TRN,0,0.006129878619981418,0.0453364830560154,0.0009763511545759769,0.00768949177367981,0.0009762676504872329,0.007689181823901742,False
sweep,NORMAL,room,"<48,10>","<12,2>","<64,16>","<96,40>",AP_TRN,0,0.001306516844590557,0.021328851241456608,0.00029002695659174216,0.001796449462667494,0.00028998740290920477,0.0017949771259631177,False
sweep,NORMAL,room,"<48,10>","<14,2>","<64,16>","<96,40>",AP_TRN,0,0.00025033462633821036,0.0014989289144595192,3.157049438123082e-05,0.00037718373131093733,3.1394124082922375e-05,0.00037873065844580854,False
sweep,NORMAL,room,"<48,10>","<16,2>","<64,16>","<96,40>",AP_TRN,0,0.00018960626102430304,0.0012306349346117079,1.861133520890111e-05,9.031137767076633e-05,1.8669304721778704e-05,9.200149797155332e-05,True
sweep,NORMAL,room,"<48,10>","<18,2>","<64,16>","<96,40>",AP_TRN,0,1.505998585345047e-05,0.0004883360014453721,6.797139671856987e-06,2.2652550518180175e-05,6.96862638624781e-06,2.3135706313390623e-05,True
sweep,NORMAL,room,"<48,10>","<20,2>","<64,16>","<96,40>",AP_TRN,0,9.477729315737321e-06,0.00012746167213268552,1.8133834951257328e-06,2.621974339107239e-06,1.8127406598430136e-06,2.5410001922477548e-06,True
sweep,NORMAL,room,"<48,10>","<22,2>","<64,16>","<96,40>",AP_TRN,0,9.180757249144326e-06,2.1688735954264937e-05,5.10475669728461e-07,1.84001857947268e-06,2.5696437092043636e-07,1.654055627255977e-06,True
sweep,NORMAL,room,"<48,10>","<24,2>","<64,16>","<96,40>",AP_TRN,0,9.153272424302174e-06,1.5628978703164854e-06,3.100261866984939e-07,2.584552912682878e-06,2.3428431724937338e-08,5.304135078667527e-07,True
sweep,COMPUTE,room,"<48,10>","<40,2>","<22,16>","<96,40>",AP_TRN,0,0.013364794651638213,0.09701381728697266,0.0005736984436464855,0.011685892085481073,0.0005738928181512563,0.011686936209634045,False
sweep,COMPUTE,room,"<48,10>","<40,2>","<24,16>","<96,40>",AP_TRN,0,0.0028036919378925614,0.02495158370401324,0.00014644721847878803,0.002957321917342671,0.00014662576948570917,0.002958340365774236,False
sweep,COMPUTE,room,"<48,10>","<40,2>","<26,16>","<96,40>",AP_TRN,0,0.0006967773088016408,0.006402143472344612,2.608862113462878e-05,0.0007563104863762991,2.63061861181671e-05,0.0007572248738186021,False
sweep,COMPUTE,room,"<48,10>","<40,2>","<28,16>","<96,40>",AP_TRN,0,0.0002821506930908874,0.0015832566573225468,4.294631615377648e-06,0.00020059019173963253,4.321332128167153e-06,0.00020153064185391437,False
sweep,COMPUTE,room,"<48,10>","<40,2>","<30,16>","<96,40>",AP_TRN,0,3.769043810267362e-05,0.0003954521706724125,1.2761742729689655e-06,5.197500730631897e-05,1.2999413374482504e-06,5.276257200255489e-05,True
sweep,COMPUTE,room,"<48,10>","<40,2>","<32,16>","<96,40>",AP_TRN,0,2.354647121052819e-05,0.00010903568926434619,3.745502161262559e-07,1.187625879425154e-05,6.154700530885567e-07,1.2577088713361747e-05,True
sweep,COMPUTE,room,"<48,10>","<40,2>","<34,16>","<96,40>",AP_TRN,0,7.860138586548552e-06,2.644719106323503e-05,2.7909029196712516e-07,3.2543075606910305e-06,2.7474496797516206e-08,3.2173518931022633e-06,True
sweep,COMPUTE,room,"<48,10>","<40,2>","<36,16>","<96,40>",AP_TRN,0,9.162775992395517e-06,6.486212489246962e-06,2.9817553802967686e-07,2.152184764414957e-06,4.258844318021702e-09,7.872290957618773e-07,True
sweep,COMPUTE,room,"<48,10>","<40,2>","<40,16>","<96,40>",AP_TRN,0,9.091111455731622e-06,1.4311214348457378e-06,3.0215368420681375e-07,2.318255351508676e-06,1.760126744965064e-10,4.997573721375265e-08,True
sweep,ACCUM,room,"<48,10>","<40,2>","<64,16>","<36,32>",AP_TRN,0,0.030504291038408623,1.3647941985152203,0.05207827601626673,0.5981546721310557,0.0520780891697114,0.5981549268847831,False
sweep,ACCUM,room,"<48,10>","<40,2>","<64,16>","<40,32>",AP_TRN,0,0.0019204729485170888,0.08623461431031094,0.0017004787921761026,0.021697724149693773,0.0017002917616142416,0.021697907802760177,False
sweep,ACCUM,room,"<48,10>","<40,2>","<64,16>","<44,32>",AP_TRN,0,0.0001191076897249358,0.0053859767168958905,0.00010346742664796982,0.0013176734082691974,0.00010328025510826196,0.001317876680537058,False
sweep,ACCUM,room,"<48,10>","<40,2>","<64,16>","<48,32>",AP_TRN,0,1.1336666108400656e-05,0.0003347796645243422,6.6132350124980046e-06,8.151153888039105e-05,6.423138566986731e-06,8.168540552070076e-05,True
sweep,ACCUM,room,"<48,10>","<40,2>","<64,16>","<52,32>",AP_TRN,0,9.05856885028444e-06,1.970558060572995e-05,6.314853629583578e-07,5.3549243754517855e-06,3.9913145753149723e-07,5.036277350275019e-06,True
sweep,ACCUM,room,"<48,10>","<40,2>","<64,16>","<56,32>",AP_TRN,0,9.086681415012978e-06,8.336077992099647e-07,3.1812298636022567e-07,2.3286757663482913e-06,2.4800453712155715e-08,3.1196741841049044e-07,True
sweep,ACCUM,room,"<48,10>","<40,2>","<64,16>","<64,32>",AP_TRN,0,9.09117091265233e-06,1.4957765731044237e-06,3.022747004899083e-07,2.3365607813232017e-06,9.719898224741402e-11,1.2217232750187352e-09,True
sweep_rnd,COORD,room,"<16,10>","<40,2>","<64,16>","<96,40>",AP_RND,0,0.0024018209680942777,0.04509270158928918,0.00030337531095296703,0.008294384769609142,0.00030315882978593624,0.008293461175357803,False
sweep_rnd,COORD,room,"<18,10>","<40,2>","<64,16>","<96,40>",AP_RND,0,0.001365580107321321,0.009526522338398387,3.957730293925494e-05,0.0009827222968110528,3.973403290090335e-05,0.0009848818746477047,False
sweep_rnd,COORD,room,"<20,10>","<40,2>","<64,16>","<96,40>",AP_RND,0,0.0006346778281158034,0.0017189205462159807,2.7707215482177824e-05,0.0002724084773490178,2.7412898063801474e-05,0.00027035761183337177,False
sweep_rnd,COORD,room,"<22,10>","<40,2>","<64,16>","<96,40>",AP_RND,0,0.00022668611470624535,0.0011815199968150654,6.969302604157762e-06,0.00010892152549004667,7.150025182619861e-06,0.000107844369350837,False
sweep_rnd,COORD,room,"<24,10>","<40,2>","<64,16>","<96,40>",AP_RND,0,0.00037482210562374973,0.00038561073316375214,1.5232354862957129e-05,2.6654467313621555e-05,1.4980425899388353e-05,2.753274315572128e-05,True
sweep_rnd,COORD,room,"<26,10>","<40,2>","<64,16>","<96,40>",AP_RND,0,1.058082164993833e-05,3.864916885203832e-05,6.268148076260894e-07,7.116625869790208e-06,4.818939935561755e-07,7.8056401669346e-06,True
sweep_rnd,COORD,room,"<28,10>","<40,2>","<64,16>","<96,40>",AP_RND,0,9.075725709628957e-06,1.3812224726358517e-05,3.0795151113402536e-07,2.0913738729194793e-06,1.2376946042088549e-07,8.985762114093345e-07,True
sweep_rnd,COORD,room,"<30,10>","<40,2>","<64,16>","<96,40>",AP_RND,0,9.094898316087716e-06,5.142354870845272e-06,2.926107558613997e-07,2.997366886726199e-06,1.641741697233381e-08,7.137430665543339e-07,True
sweep_rnd,COMPUTE,room,"<48,10>","<40,2>","<22,16>","<96,40>",AP_RND,0,0.006510492438086014,0.005275492008477774,0.00011796316841659784,0.0002935300387331615,0.00011812322130727144,0.00029452127926965407,False
sweep_rnd,COMPUTE,room,"<48,10>","<40,2>","<24,16>","<96,40>",AP_RND,0,0.0023671297461783985,0.0017431658031941452,6.449646787113749e-05,0.00018206936755226709,6.476955966149955e-05,0.00018375504153223028,False
sweep_rnd,COMPUTE,room,"<48,10>","<40,2>","<26,16>","<96,40>",AP_RND,0,0.0006478543649849434,0.0009637330304856418,1.5309916694509162e-05,4.957792353992617e-05,1.5600540064550423e-05,5.148056800323168e-05,True
sweep_rnd,COMPUTE,room,"<48,10>","<40,2>","<28,16>","<96,40>",AP_RND,0,0.00022255288111905111,0.00010604448408964907,8.566419345490357e-06,2.8302826083102708e-05,8.815970680055184e-06,2.7691368609016614e-05,True
sweep_rnd,COMPUTE,room,"<48,10>","<40,2>","<30,16>","<96,40>",AP_RND,0,6.530973402986924e-05,5.7242899087317324e-05,8.209704814476564e-07,3.3773092348395906e-06,1.0452286139252826e-06,5.270030259664055e-06,True
sweep_rnd,COMPUTE,room,"<48,10>","<40,2>","<32,16>","<96,40>",AP_RND,0,4.503379306562175e-05,6.2639587654266445e-06,2.682640883798369e-07,2.4880745781611305e-06,4.311079602364457e-07,3.5404510961408182e-06,True
sweep_rnd,COMPUTE,room,"<48,10>","<40,2>","<34,16>","<96,40>",AP_RND,0,7.514617351029625e-06,2.2461646306731426e-06,1.7228807718296709e-07,2.298736625072057e-06,1.3384836274742008e-07,2.5134946676754e-07,True
sweep_rnd,COMPUTE,room,"<48,10>","<40,2>","<36,16>","<96,40>",AP_RND,0,9.086094273243442e-06,1.5362371374902228e-06,3.040307157547954e-07,2.351136208887076e-06,2.2884914567953597e-09,1.9801111563776423e-08,True
sweep_rnd,COMPUTE,room,"<48,10>","<40,2>","<40,16>","<96,40>",AP_RND,0,9.091199795736853e-06,1.4955231472009784e-06,3.0225205120069797e-07,2.3370508363662545e-06,1.0150074224847571e-10,7.96782739120469e-10,True
candidate,baseline widths,room,"<24,10>","<18,2>","<32,16>","<64,32>",AP_TRN,0,0.0002676919161359895,0.0009048318766458029,1.3748564995152082e-05,0.00010019844600518719,1.3598816920311819e-05,0.00010097738665428131,False
candidate,baseline widths,room_face_aligned,"<24,10>","<18,2>","<32,16>","<64,32>",AP_TRN,0,0.000194342008599735,0.0012133813714799507,1.427942870855069e-05,4.93049244687875e-05,1.4118066732590822e-05,5.0732711743669123e-05,True
candidate,baseline widths,room_seed_b,"<24,10>","<18,2>","<32,16>","<64,32>",AP_TRN,0,0.00020879774068945694,0.0008981982078256455,9.843720433975508e-06,7.760906092911923e-05,9.718474652234857e-06,7.743107236316896e-05,True
candidate,baseline widths,room_seed_c,"<24,10>","<18,2>","<32,16>","<64,32>",AP_TRN,0,0.0001689379720044228,0.00039181750015859144,3.6526724301552327e-06,5.072810377412759e-05,3.7853528971731093e-06,5.064799537135207e-05,True
candidate,"baseline widths, rounded",room,"<24,10>","<18,2>","<32,16>","<64,32>",AP_RND,0,0.0002663506210628633,0.0006247784133100011,1.3636432088298885e-05,3.841891864528058e-05,1.3495802680191701e-05,3.912651544086074e-05,True
candidate,"baseline widths, rounded",room_face_aligned,"<24,10>","<18,2>","<32,16>","<64,32>",AP_RND,0,0.00016350364052045003,0.0007710084526293817,1.2464172280973792e-05,4.9272982898328996e-05,1.225065863375929e-05,5.049294353171635e-05,True
candidate,"baseline widths, rounded",room_seed_b,"<24,10>","<18,2>","<32,16>","<64,32>",AP_RND,0,3.4168729683686895e-05,0.0005244376208986542,4.114301150305359e-06,2.9740033372142306e-05,3.968038076409163e-06,3.0012911261002254e-05,True
candidate,"baseline widths, rounded",room_seed_c,"<24,10>","<18,2>","<32,16>","<64,32>",AP_RND,0,0.00015659546737808566,0.0005036304709094302,5.323288834803705e-06,3.0513249413533728e-05,5.447068059545907e-06,2.8911721778913975e-05,True
candidate,coord 26 normal 20,room,"<26,10>","<20,2>","<32,16>","<64,32>",AP_TRN,0,1.656198796583928e-05,0.00024989091486183105,2.2676943936502653e-06,3.41145718639166e-05,2.26313616588803e-06,3.4900354826862534e-05,True
candidate,coord 26 normal 20,room_face_aligned,"<26,10>","<20,2>","<32,16>","<64,32>",AP_TRN,0,1.5828857300709106e-05,0.0002296725870147927,2.7919787058335506e-06,3.109371796400924e-05,2.7664370072523294e-06,3.146878045754624e-05,True
candidate,coord 26 normal 20,room_seed_b,"<26,10>","<20,2>","<32,16>","<64,32>",AP_TRN,0,2.2259332273037397e-05,0.0003141692077386129,1.441316774208091e-06,2.5702551504820943e-05,1.4776126992931973e-06,2.5321483037102396e-05,True
candidate,coord 26 normal 20,room_seed_c,"<26,10>","<20,2>","<32,16>","<64,32>",AP_TRN,0,0.00017307815281610839,0.00023848496593437517,3.1959406311817075e-06,3.2038684992735704e-05,3.054255886285415e-06,3.256329213699352e-05,True
candidate,"coord 26 normal 20, rounded",room,"<26,10>","<20,2>","<32,16>","<64,32>",AP_RND,0,2.5161137122713664e-05,0.00011825676430618906,2.0030820887864957e-06,9.321956007383596e-06,2.0803192668607477e-06,1.0152327555223229e-05,True
candidate,"coord 26 normal 20, rounded",room_face_aligned,"<26,10>","<20,2>","<32,16>","<64,32>",AP_RND,0,1.904086276091669e-05,0.00011929128937991449,1.5100225934955925e-06,7.2587899732470615e-06,1.719315329577157e-06,7.4586438562924905e-06,True
candidate,"coord 26 normal 20, rounded",room_seed_b,"<26,10>","<20,2>","<32,16>","<64,32>",AP_RND,0,1.9477424056010748e-05,0.00010433724526527268,1.2612122283210816e-06,1.0042438266140418e-05,1.1899155173052805e-06,1.0458072386203587e-05,True
candidate,"coord 26 normal 20, rounded",room_seed_c,"<26,10>","<20,2>","<32,16>","<64,32>",AP_RND,0,0.00017011723072487056,8.622626940762507e-05,2.8957927167559266e-06,7.144331012181267e-06,2.7368017740098214e-06,7.623508787510682e-06,True
candidate,coord 27 normal 22 compute 36,room,"<27,10>","<22,2>","<36,16>","<64,32>",AP_TRN,0,1.0340131425627145e-05,6.670504940305007e-05,5.548874732605733e-07,7.892529289962221e-06,2.6952732135382856e-07,8.584542176008734e-06,True
candidate,coord 27 normal 22 compute 36,room_face_aligned,"<27,10>","<22,2>","<36,16>","<64,32>",AP_TRN,0,1.0929858106319732e-05,7.103932220977956e-05,5.245593748762701e-07,5.227228923219115e-06,7.86034023592935e-07,5.363789808302151e-06,True
candidate,coord 27 normal 22 compute 36,room_seed_b,"<27,10>","<22,2>","<36,16>","<64,32>",AP_TRN,0,1.9717099110965977e-05,5.678021630388292e-05,5.753985889239834e-07,1.0474074533277857e-05,6.324630431438283e-07,9.184254623339015e-06,True
candidate,coord 27 normal 22 compute 36,room_seed_c,"<27,10>","<22,2>","<36,16>","<64,32>",AP_TRN,0,1.9827241115516938e-05,3.8287973693290344e-05,5.299827956544269e-07,2.623012142999357e-06,4.4310401866307254e-07,2.590990903863515e-06,True
candidate,config (voxlio_config.hpp),room,"<24,10>","<18,2>","<32,16>","<64,32>",AP_RND,0,0.0002663506210628633,0.0006247784133100011,1.3636432088298885e-05,3.841891864528058e-05,1.3495802680191701e-05,3.912651544086074e-05,True
candidate,config (voxlio_config.hpp),room_face_aligned,"<24,10>","<18,2>","<32,16>","<64,32>",AP_RND,0,0.00016350364052045003,0.0007710084526293817,1.2464172280973792e-05,4.9272982898328996e-05,1.225065863375929e-05,5.049294353171635e-05,True
candidate,config (voxlio_config.hpp),room_seed_b,"<24,10>","<18,2>","<32,16>","<64,32>",AP_RND,0,3.4168729683686895e-05,0.0005244376208986542,4.114301150305359e-06,2.9740033372142306e-05,3.968038076409163e-06,3.0012911261002254e-05,True
candidate,config (voxlio_config.hpp),room_seed_c,"<24,10>","<18,2>","<32,16>","<64,32>",AP_RND,0,0.00015659546737808566,0.0005036304709094302,5.323288834803705e-06,3.0513249413533728e-05,5.447068059545907e-06,2.8911721778913975e-05,True
